{
    "info": {
        "year": "2021",
        "version": "1",
        "description": "Exported from roboflow.ai",
        "contributor": "",
        "url": "https://app.roboflow.ai/datasets/cats_breeds_detect/1",
        "date_created": "2021-07-01T08:49:00+00:00"
    },
    "licenses": [
        {
            "id": 1,
            "url": "",
            "name": "Unknown"
        }
    ],
    "categories": [
        {
            "id": 0,
            "name": "experiment",
            "supercategory": "none"
        },
        {
            "id": 1,
            "name": "Calico",
            "supercategory": "experiment"
        },
        {
            "id": 2,
            "name": "Chartreux",
            "supercategory": "experiment"
        },
        {
            "id": 3,
            "name": "Dilute Calico",
            "supercategory": "experiment"
        },
        {
            "id": 4,
            "name": "Domestic long hair",
            "supercategory": "experiment"
        },
        {
            "id": 5,
            "name": "Domestic short hair",
            "supercategory": "experiment"
        },
        {
            "id": 6,
            "name": "Nebelung",
            "supercategory": "experiment"
        },
        {
            "id": 7,
            "name": "Ocicat",
            "supercategory": "experiment"
        },
        {
            "id": 8,
            "name": "Persian",
            "supercategory": "experiment"
        },
        {
            "id": 9,
            "name": "Singapura",
            "supercategory": "experiment"
        },
        {
            "id": 10,
            "name": "Tonkinese",
            "supercategory": "experiment"
        },
        {
            "id": 11,
            "name": "munchkin",
            "supercategory": "experiment"
        },
        {
            "id": 12,
            "name": "sphynx",
            "supercategory": "experiment"
        },
        {
            "id": 13,
            "name": "tiger cat",
            "supercategory": "experiment"
        }
    ],
    "images": [
        {
            "id": 0,
            "license": 1,
            "file_name": "11_jpg.rf.de162f84e5d527f994eb8048c03013d3.jpg",
            "height": 416,
            "width": 416,
            "date_captured": "2021-07-01T08:49:00+00:00"
        },
        {
            "id": 1,
            "license": 1,
            "file_name": "10_jpg.rf.aa3492760349385de459f64d2f37c741.jpg",
            "height": 416,
            "width": 416,
            "date_captured": "2021-07-01T08:49:00+00:00"
        },
        {
            "id": 2,
            "license": 1,
            "file_name": "2_jpg.rf.b0c32024e9ff340863d7329c2ba2bb1c.jpg",
            "height": 416,
            "width": 416,
            "date_captured": "2021-07-01T08:49:00+00:00"
        },
        {
            "id": 3,
            "license": 1,
            "file_name": "6_jpg.rf.a450f0fb22c04b80db052d750173410d.jpg",
            "height": 416,
            "width": 416,
            "date_captured": "2021-07-01T08:49:00+00:00"
        },
        {
            "id": 4,
            "license": 1,
            "file_name": "7_jpg.rf.46dfb4e1a9842115b53f042d4f6edd35.jpg",
            "height": 416,
            "width": 416,
            "date_captured": "2021-07-01T08:49:00+00:00"
        },
        {
            "id": 5,
            "license": 1,
            "file_name": "4_jpg.rf.93b6ecd6eef1ac33eca0fa8331b429a2.jpg",
            "height": 416,
            "width": 416,
            "date_captured": "2021-07-01T08:49:00+00:00"
        },
        {
            "id": 6,
            "license": 1,
            "file_name": "5_jpg.rf.217440551d12e6ffce4419b941f7fd6e.jpg",
            "height": 416,
            "width": 416,
            "date_captured": "2021-07-01T08:49:00+00:00"
        }
    ],
    "annotations": [
        {
            "id": 0,
            "image_id": 0,
            "category_id": 1,
            "bbox": [
                21,
                8,
                143.5,
                397
            ],
            "area": 56969.5,
            "segmentation": [],
            "iscrowd": 0
        },
        {
            "id": 1,
            "image_id": 0,
            "category_id": 6,
            "bbox": [
                158,
                85,
                140,
                324.5
            ],
            "area": 45430,
            "segmentation": [],
            "iscrowd": 0
        },
        {
            "id": 2,
            "image_id": 0,
            "category_id": 13,
            "bbox": [
                296,
                34,
                119.5,
                381
            ],
            "area": 45529.5,
            "segmentation": [],
            "iscrowd": 0
        },
        {
            "id": 3,
            "image_id": 1,
            "category_id": 6,
            "bbox": [
                0,
                87,
                119,
                291
            ],
            "area": 34629,
            "segmentation": [],
            "iscrowd": 0
        },
        {
            "id": 4,
            "image_id": 1,
            "category_id": 5,
            "bbox": [
                112,
                77,
                115.5,
                299
            ],
            "area": 34534.5,
            "segmentation": [],
            "iscrowd": 0
        },
        {
            "id": 5,
            "image_id": 1,
            "category_id": 4,
            "bbox": [
                221,
                95,
                194,
                283
            ],
            "area": 54902,
            "segmentation": [],
            "iscrowd": 0
        },
        {
            "id": 6,
            "image_id": 2,
            "category_id": 1,
            "bbox": [
                1,
                39,
                251,
                375.5
            ],
            "area": 94250.5,
            "segmentation": [],
            "iscrowd": 0
        },
        {
            "id": 7,
            "image_id": 2,
            "category_id": 2,
            "bbox": [
                256,
                38,
                144.5,
                376.5
            ],
            "area": 54404.25,
            "segmentation": [],
            "iscrowd": 0
        },
        {
            "id": 8,
            "image_id": 3,
            "category_id": 1,
            "bbox": [
                5,
                37,
                214.5,
                377.5
            ],
            "area": 80973.75,
            "segmentation": [],
            "iscrowd": 0
        },
        {
            "id": 9,
            "image_id": 3,
            "category_id": 2,
            "bbox": [
                224,
                108,
                187.5,
                307
            ],
            "area": 57562.5,
            "segmentation": [],
            "iscrowd": 0
        },
        {
            "id": 10,
            "image_id": 4,
            "category_id": 10,
            "bbox": [
                5,
                78,
                109,
                331.5
            ],
            "area": 36133.5,
            "segmentation": [],
            "iscrowd": 0
        },
        {
            "id": 11,
            "image_id": 4,
            "category_id": 5,
            "bbox": [
                112,
                65,
                63.5,
                347.5
            ],
            "area": 22066.25,
            "segmentation": [],
            "iscrowd": 0
        },
        {
            "id": 12,
            "image_id": 4,
            "category_id": 6,
            "bbox": [
                171,
                106,
                68.5,
                306.5
            ],
            "area": 20995.25,
            "segmentation": [],
            "iscrowd": 0
        },
        {
            "id": 13,
            "image_id": 4,
            "category_id": 3,
            "bbox": [
                235,
                85,
                73,
                329
            ],
            "area": 24017,
            "segmentation": [],
            "iscrowd": 0
        },
        {
            "id": 14,
            "image_id": 4,
            "category_id": 4,
            "bbox": [
                301,
                71,
                115,
                343.5
            ],
            "area": 39502.5,
            "segmentation": [],
            "iscrowd": 0
        },
        {
            "id": 15,
            "image_id": 5,
            "category_id": 8,
            "bbox": [
                93,
                108,
                146.5,
                279.5
            ],
            "area": 40946.75,
            "segmentation": [],
            "iscrowd": 0
        },
        {
            "id": 16,
            "image_id": 5,
            "category_id": 7,
            "bbox": [
                234,
                103,
                94,
                286.5
            ],
            "area": 26931,
            "segmentation": [],
            "iscrowd": 0
        },
        {
            "id": 17,
            "image_id": 6,
            "category_id": 8,
            "bbox": [
                0,
                58,
                80,
                357
            ],
            "area": 28560,
            "segmentation": [],
            "iscrowd": 0
        },
        {
            "id": 18,
            "image_id": 6,
            "category_id": 12,
            "bbox": [
                80,
                179,
                87,
                232
            ],
            "area": 20184,
            "segmentation": [],
            "iscrowd": 0
        },
        {
            "id": 19,
            "image_id": 6,
            "category_id": 9,
            "bbox": [
                157,
                1,
                101,
                410
            ],
            "area": 41410,
            "segmentation": [],
            "iscrowd": 0
        },
        {
            "id": 20,
            "image_id": 6,
            "category_id": 11,
            "bbox": [
                246,
                49,
                100,
                366
            ],
            "area": 36600,
            "segmentation": [],
            "iscrowd": 0
        },
        {
            "id": 21,
            "image_id": 6,
            "category_id": 2,
            "bbox": [
                345,
                100,
                70,
                315
            ],
            "area": 22050,
            "segmentation": [],
            "iscrowd": 0
        }
    ]
}